step,step_time_s,total_time_s,rp_u3_mm,rp_rf3_N,insertion_depth_mm,pullout_displacement_mm,pullout_resistance_N,absolute_force_N
Insertion,0.0,0.0,0.0,0.0,0.0,0.0,0.0,0.0
Insertion,0.0006259798537939787,0.0006259798537939787,-2.3392065486405045e-05,-8.522235361851926e-08,2.3392065486405045e-05,0.0,0.0,8.522235361851926e-08
Insertion,0.0012509642401710153,0.0012509642401710153,-0.00017785523959901184,-1.5382664741991903e-07,0.00017785523959901184,0.0,0.0,1.5382664741991903e-07
Insertion,0.0018759689992293715,0.0018759689992293715,-0.0005707812961190939,-2.0706161762973352e-07,0.0005707812961190939,0.0,0.0,2.0706161762973352e-07
Insertion,0.002500973641872406,0.002500973641872406,-0.00128553353715688,-2.460228358813765e-07,0.00128553353715688,0.0,0.0,2.460228358813765e-07
Insertion,0.0031259784009307623,0.0031259784009307623,-0.0023831604048609734,-2.7180846018382e-07,0.0023831604048609734,0.0,0.0,2.7180846018382e-07
Insertion,0.0037509831599891186,0.0037509831599891186,-0.0039041154086589813,-2.8551662012432644e-07,0.0039041154086589813,0.0,0.0,2.8551662012432644e-07
Insertion,0.004375878721475601,0.004375878721475601,-0.005869939923286438,-2.8824587161579984e-07,0.005869939923286438,0.0,0.0,2.8824587161579984e-07
Insertion,0.005000737961381674,0.005000737961381674,-0.008284972980618477,-2.810977832723438e-07,0.008284972980618477,0.0,0.0,2.810977832723438e-07
Insertion,0.005625597201287746,0.005625597201287746,-0.01113817747682333,-2.6517022888583597e-07,0.01113817747682333,0.0,0.0,2.6517022888583597e-07
Insertion,0.006250456441193819,0.006250456441193819,-0.014404811896383762,-2.4156051381396537e-07,0.014404811896383762,0.0,0.0,2.4156051381396537e-07
Insertion,0.006875315681099892,0.006875315681099892,-0.018048133701086044,-2.113660713121135e-07,0.018048133701086044,0.0,0.0,2.113660713121135e-07
Insertion,0.007500174921005964,0.007500174921005964,-0.022021053358912468,-1.7568402199685806e-07,0.022021053358912468,0.0,0.0,1.7568402199685806e-07
Insertion,0.008125179447233677,0.008125179447233677,-0.026267996057868004,-1.356022920617761e-07,0.026267996057868004,0.0,0.0,1.356022920617761e-07
Insertion,0.008750329725444317,0.008750329725444317,-0.03072652965784073,-9.221608365805878e-08,0.03072652965784073,0.0,0.0,9.221608365805878e-08
Insertion,0.009375480003654957,0.009375480003654957,-0.035328954458236694,-4.663328567744429e-08,0.035328954458236694,0.0,0.0,4.663328567744429e-08
Insertion,0.010000630281865597,0.010000630281865597,-0.04000411927700043,4.7281959597578194e-11,0.04000411927700043,0.0,0.0,4.7281959597578194e-11
Insertion,0.010625780560076237,0.010625780560076237,-0.04467923939228058,4.6726746916192496e-08,0.04467923939228058,0.0,0.0,4.6726746916192496e-08
Insertion,0.011250930838286877,0.011250930838286877,-0.049281444400548935,9.230626574208145e-08,0.049281444400548935,0.0,0.0,9.230626574208145e-08
Insertion,0.01187508087605238,0.01187508087605238,-0.053732648491859436,1.3561984246734937e-07,0.053732648491859436,0.0,0.0,1.3561984246734937e-07
Insertion,0.01250023115426302,0.01250023115426302,-0.05797947198152542,1.7570884836004552e-07,0.05797947198152542,0.0,0.0,1.7570884836004552e-07
Insertion,0.01312538143247366,0.01312538143247366,-0.0619521290063858,2.1140294848009944e-07,0.0619521290063858,0.0,0.0,2.1140294848009944e-07
Insertion,0.0137505317106843,0.0137505317106843,-0.06559493392705917,2.4160328848665813e-07,0.06559493392705917,0.0,0.0,2.4160328848665813e-07
Insertion,0.01437568198889494,0.01437568198889494,-0.06886084377765656,2.6521107088228746e-07,0.06886084377765656,0.0,0.0,2.6521107088228746e-07
Insertion,0.01500083226710558,0.01500083226710558,-0.07171308994293213,2.811272281633137e-07,0.07171308994293213,0.0,0.0,2.811272281633137e-07
Insertion,0.015625981613993645,0.015625981613993645,-0.07412689924240112,2.882524654523877e-07,0.07412689924240112,0.0,0.0,2.882524654523877e-07
Insertion,0.016250131651759148,0.016250131651759148,-0.07608851790428162,2.855022955827735e-07,0.07608851790428162,0.0,0.0,2.855022955827735e-07
Insertion,0.016875281929969788,0.016875281929969788,-0.07760864496231079,2.7176918138138717e-07,0.07760864496231079,0.0,0.0,2.7176918138138717e-07
Insertion,0.017500432208180428,0.017500432208180428,-0.07870543748140335,2.459503889440384e-07,0.07870543748140335,0.0,0.0,2.459503889440384e-07
Insertion,0.018125582486391068,0.018125582486391068,-0.07941935956478119,2.0694766078577231e-07,0.07941935956478119,0.0,0.0,2.0694766078577231e-07
Insertion,0.018750732764601707,0.018750732764601707,-0.07981155067682266,1.536613609687265e-07,0.07981155067682266,0.0,0.0,1.536613609687265e-07
Insertion,0.019375883042812347,0.019375883042812347,-0.07996547967195511,8.49937293878611e-08,0.07996547967195511,0.0,0.0,8.49937293878611e-08
Insertion,0.02000003308057785,0.02000003308057785,-0.07998862862586975,-1.2468476771887449e-12,0.07998862862586975,0.0,0.0,1.2468476771887449e-12
Insertion,0.02062518335878849,0.02062518335878849,-0.0799945741891861,-2.2707553171130712e-08,0.0799945741891861,0.0,0.0,2.2707553171130712e-08
Insertion,0.02125033363699913,0.02125033363699913,-0.08003592491149902,-4.4340850990920444e-08,0.08003592491149902,0.0,0.0,4.4340850990920444e-08
Insertion,0.02187548391520977,0.02187548391520977,-0.08014647662639618,-6.491819704024238e-08,0.08014647662639618,0.0,0.0,6.491819704024238e-08
Insertion,0.02250063419342041,0.02250063419342041,-0.08035840839147568,-8.445661592304532e-08,0.08035840839147568,0.0,0.0,8.445661592304532e-08
Insertion,0.02312578447163105,0.02312578447163105,-0.08070224523544312,-1.0297312513785073e-07,0.08070224523544312,0.0,0.0,1.0297312513785073e-07
Insertion,0.02375093474984169,0.02375093474984169,-0.08120694756507874,-1.204847848157442e-07,0.08120694756507874,0.0,0.0,1.204847848157442e-07
Insertion,0.024375084787607193,0.024375084787607193,-0.08189865201711655,-1.3698297607334098e-07,0.08189865201711655,0.0,0.0,1.3698297607334098e-07
Insertion,0.025000235065817833,0.025000235065817833,-0.08280535787343979,-1.5253756657784834e-07,0.08280535787343979,0.0,0.0,1.5253756657784834e-07
Insertion,0.025625385344028473,0.025625385344028473,-0.0839504599571228,-1.6713835293558077e-07,0.0839504599571228,0.0,0.0,1.6713835293558077e-07
Insertion,0.026250535622239113,0.026250535622239113,-0.08535678684711456,-1.8080248764817952e-07,0.08535678684711456,0.0,0.0,1.8080248764817952e-07
Insertion,0.026875685900449753,0.026875685900449753,-0.08704566955566406,-1.9354685321104625e-07,0.08704566955566406,0.0,0.0,1.9354685321104625e-07
Insertion,0.027500836178660393,0.027500836178660393,-0.08903707563877106,-2.0538855949325807e-07,0.08903707563877106,0.0,0.0,2.0538855949325807e-07
Insertion,0.028125986456871033,0.028125986456871033,-0.09134955704212189,-2.1634461688790907e-07,0.09134955704212189,0.0,0.0,2.1634461688790907e-07
Insertion,0.028750136494636536,0.028750136494636536,-0.09399563074111938,-2.264166596432915e-07,0.09399563074111938,0.0,0.0,2.264166596432915e-07
Insertion,0.029375286772847176,0.029375286772847176,-0.09699960052967072,-2.3565388573842938e-07,0.09699960052967072,0.0,0.0,2.3565388573842938e-07
Insertion,0.030000437051057816,0.030000437051057816,-0.10037191957235336,-2.4405662202298117e-07,0.10037191957235336,0.0,0.0,2.4405662202298117e-07
Insertion,0.030625587329268456,0.030625587329268456,-0.1041257381439209,-2.516418362574768e-07,0.1041257381439209,0.0,0.0,2.516418362574768e-07
Insertion,0.031250737607479095,0.031250737607479095,-0.10827293246984482,-2.5842655304586515e-07,0.10827293246984482,0.0,0.0,2.5842655304586515e-07
Insertion,0.031875722110271454,0.031875722110271454,-0.11283132433891296,-2.6442629064149514e-07,0.11283132433891296,0.0,0.0,2.6442629064149514e-07
Insertion,0.03250070661306381,0.03250070661306381,-0.117803655564785,-2.696600915896852e-07,0.117803655564785,0.0,0.0,2.696600915896852e-07
Insertion,0.03312569111585617,0.03312569111585617,-0.12319804728031158,-2.741448383858369e-07,0.12319804728031158,0.0,0.0,2.741448383858369e-07
Insertion,0.03375067561864853,0.03375067561864853,-0.1290215700864792,-2.778976977424463e-07,0.1290215700864792,0.0,0.0,2.778976977424463e-07
Insertion,0.03437566012144089,0.03437566012144089,-0.1352800875902176,-2.809355805766245e-07,0.1352800875902176,0.0,0.0,2.809355805766245e-07
Insertion,0.035000644624233246,0.035000644624233246,-0.14197838306427002,-2.832755683357391e-07,0.14197838306427002,0.0,0.0,2.832755683357391e-07
Insertion,0.035625629127025604,0.035625629127025604,-0.14912012219429016,-2.8493462878032005e-07,0.14912012219429016,0.0,0.0,2.8493462878032005e-07
Insertion,0.03625061362981796,0.03625061362981796,-0.15670788288116455,-2.859298433577351e-07,0.15670788288116455,0.0,0.0,2.859298433577351e-07
Insertion,0.03687559813261032,0.03687559813261032,-0.16474315524101257,-2.862781798285141e-07,0.16474315524101257,0.0,0.0,2.862781798285141e-07
Insertion,0.03750058263540268,0.03750058263540268,-0.17322668433189392,-2.859967196400248e-07,0.17322668433189392,0.0,0.0,2.859967196400248e-07
Insertion,0.03812556713819504,0.03812556713819504,-0.18215787410736084,-2.8510243055279716e-07,0.18215787410736084,0.0,0.0,2.8510243055279716e-07
Insertion,0.038750551640987396,0.038750551640987396,-0.19153538346290588,-2.836123940141988e-07,0.19153538346290588,0.0,0.0,2.836123940141988e-07
Insertion,0.039375536143779755,0.039375536143779755,-0.20135681331157684,-2.815435777847597e-07,0.20135681331157684,0.0,0.0,2.815435777847597e-07
Insertion,0.04000052064657211,0.04000052064657211,-0.21161901950836182,-2.7891300646842865e-07,0.21161901950836182,0.0,0.0,2.7891300646842865e-07
Insertion,0.04062550514936447,0.04062550514936447,-0.2223178744316101,-2.7573776151257334e-07,0.2223178744316101,0.0,0.0,2.7573776151257334e-07
Insertion,0.04125048965215683,0.04125048965215683,-0.2334483116865158,-2.720347822560143e-07,0.2334483116865158,0.0,0.0,2.720347822560143e-07
Insertion,0.04187547415494919,0.04187547415494919,-0.24500463902950287,-2.678211501461192e-07,0.24500463902950287,0.0,0.0,2.678211501461192e-07
Insertion,0.04250045865774155,0.04250045865774155,-0.256980299949646,-2.631138897868368e-07,0.256980299949646,0.0,0.0,2.631138897868368e-07
Insertion,0.043125443160533905,0.043125443160533905,-0.2693677544593811,-2.5792996893869713e-07,0.2693677544593811,0.0,0.0,2.5792996893869713e-07
Insertion,0.04375042766332626,0.04375042766332626,-0.2821589708328247,-2.5228641220564896e-07,0.2821589708328247,0.0,0.0,2.5228641220564896e-07
Insertion,0.04437541216611862,0.04437541216611862,-0.29534515738487244,-2.4620038630018826e-07,0.29534515738487244,0.0,0.0,2.4620038630018826e-07
Insertion,0.04500039666891098,0.04500039666891098,-0.3089168071746826,-2.396886884525884e-07,0.3089168071746826,0.0,0.0,2.396886884525884e-07
Insertion,0.04562538117170334,0.04562538117170334,-0.3228636682033539,-2.3276849958620005e-07,0.3228636682033539,0.0,0.0,2.3276849958620005e-07
Insertion,0.0462503656744957,0.0462503656744957,-0.33717477321624756,-2.2545675903984375e-07,0.33717477321624756,0.0,0.0,2.2545675903984375e-07
Insertion,0.046875350177288055,0.046875350177288055,-0.3518389165401459,-2.1777057668259658e-07,0.3518389165401459,0.0,0.0,2.1777057668259658e-07
Insertion,0.047500334680080414,0.047500334680080414,-0.3668440878391266,-2.0972696290755266e-07,0.3668440878391266,0.0,0.0,2.0972696290755266e-07
Insertion,0.04812531918287277,0.04812531918287277,-0.3821774125099182,-2.013428712643872e-07,0.3821774125099182,0.0,0.0,2.013428712643872e-07
Insertion,0.04875030368566513,0.04875030368566513,-0.3978261351585388,-1.926352837244849e-07,0.3978261351585388,0.0,0.0,1.926352837244849e-07
Insertion,0.04937528818845749,0.04937528818845749,-0.4137762486934662,-1.8362138121119642e-07,0.4137762486934662,0.0,0.0,1.8362138121119642e-07
Insertion,0.05000027269124985,0.05000027269124985,-0.43001389503479004,-1.7431800358735927e-07,0.43001389503479004,0.0,0.0,1.7431800358735927e-07
Insertion,0.050625257194042206,0.050625257194042206,-0.446524441242218,-1.6474233177632414e-07,0.446524441242218,0.0,0.0,1.6474233177632414e-07
Insertion,0.051250241696834564,0.051250241696834564,-0.4632927179336548,-1.5491124827349267e-07,0.4632927179336548,0.0,0.0,1.5491124827349267e-07
Insertion,0.051875658333301544,0.051875658333301544,-0.4802761673927307,-0.00011861292296089232,0.4802761673927307,0.0,0.0,0.00011861292296089232
Insertion,0.05250087380409241,0.05250087380409241,-0.49749815464019775,-0.0005307520623318851,0.49749815464019775,0.0,0.0,0.0005307520623318851
Insertion,0.05312594026327133,0.05312594026327133,-0.5149433612823486,-0.0009777998784556985,0.5149433612823486,0.0,0.0,0.0009777998784556985
Insertion,0.05375088378787041,0.05375088378787041,-0.5325449705123901,-0.0008527495665475726,0.5325449705123901,0.0,0.0,0.0008527495665475726
Insertion,0.05437527969479561,0.05437527969479561,-0.5503301620483398,-0.0011248706141486764,0.5503301620483398,0.0,0.0,0.0011248706141486764
Insertion,0.05500034615397453,0.05500034615397453,-0.5682834386825562,-0.0016199692618101835,0.5682834386825562,0.0,0.0,0.0016199692618101835
Insertion,0.05562541261315346,0.05562541261315346,-0.5863799452781677,-0.0020531155169010162,0.5863799452781677,0.0,0.0,0.0020531155169010162
Insertion,0.05625047907233238,0.05625047907233238,-0.6046063899993896,-0.0025817903224378824,0.6046063899993896,0.0,0.0,0.0025817903224378824
Insertion,0.05687509477138519,0.05687509477138519,-0.6229338645935059,-0.0027349197771400213,0.6229338645935059,0.0,0.0,0.0027349197771400213
Insertion,0.057500209659338,0.057500209659338,-0.6413629651069641,-0.0028412356041371822,0.6413629651069641,0.0,0.0,0.0028412356041371822
Insertion,0.05812576040625572,0.05812576040625572,-0.6598739624023438,-0.0033613473642617464,0.6598739624023438,0.0,0.0,0.0033613473642617464
Insertion,0.058750834316015244,0.058750834316015244,-0.6784254312515259,-0.003769997274503112,0.6784254312515259,0.0,0.0,0.003769997274503112
Insertion,0.05937549099326134,0.05937549099326134,-0.6969963312149048,-0.004301887936890125,0.6969963312149048,0.0,0.0,0.004301887936890125
Insertion,0.060000307857990265,0.060000307857990265,-0.7155942320823669,-0.004453177563846111,0.7155942320823669,0.0,0.0,0.004453177563846111
Insertion,0.060625266283750534,0.060625266283750534,-0.7341951727867126,-0.005008158273994923,0.7341951727867126,0.0,0.0,0.005008158273994923
Insertion,0.06125069037079811,0.06125069037079811,-0.7527943849563599,-0.0055252606980502605,0.7527943849563599,0.0,0.0,0.0055252606980502605
Insertion,0.06187523528933525,0.06187523528933525,-0.7713308930397034,-0.005996282212436199,0.7713308930397034,0.0,0.0,0.005996282212436199
Insertion,0.0625007376074791,0.0625007376074791,-0.7898382544517517,-0.006918301805853844,0.7898382544517517,0.0,0.0,0.006918301805853844
Insertion,0.06312546133995056,0.06312546133995056,-0.8082495331764221,-0.007512334734201431,0.8082495331764221,0.0,0.0,0.007512334734201431
Insertion,0.06375046819448471,0.06375046819448471,-0.8265838623046875,-0.00789711158722639,0.8265838623046875,0.0,0.0,0.00789711158722639
Insertion,0.0643756315112114,0.0643756315112114,-0.8448008298873901,-0.008362578228116035,0.8448008298873901,0.0,0.0,0.008362578228116035
Insertion,0.0650007426738739,0.0650007426738739,-0.8629194498062134,-0.009080088697373867,0.8629194498062134,0.0,0.0,0.009080088697373867
Insertion,0.06562524288892746,0.06562524288892746,-0.8808220028877258,-0.009622345678508282,0.8808220028877258,0.0,0.0,0.009622345678508282
Insertion,0.0662505254149437,0.0662505254149437,-0.8986156582832336,-0.010296838358044624,0.8986156582832336,0.0,0.0,0.010296838358044624
Insertion,0.06687569618225098,0.06687569618225098,-0.9162441492080688,-0.010708999820053577,0.9162441492080688,0.0,0.0,0.010708999820053577
Insertion,0.06750006228685379,0.06750006228685379,-0.9336494207382202,-0.01147144939750433,0.9336494207382202,0.0,0.0,0.01147144939750433
Insertion,0.06812503188848495,0.06812503188848495,-0.9508567452430725,-0.01255273912101984,0.9508567452430725,0.0,0.0,0.01255273912101984
Insertion,0.06875041872262955,0.06875041872262955,-0.9678335189819336,-0.013348416425287724,0.9678335189819336,0.0,0.0,0.013348416425287724
Insertion,0.06937574595212936,0.06937574595212936,-0.9845808744430542,-0.014131897129118443,0.9845808744430542,0.0,0.0,0.014131897129118443
Insertion,0.07000003010034561,0.07000003010034561,-1.001055359840393,-0.015194683335721493,1.001055359840393,0.0,0.0,0.015194683335721493
Insertion,0.07062537968158722,0.07062537968158722,-1.0172889232635498,-0.015901712700724602,1.0172889232635498,0.0,0.0,0.015901712700724602
Insertion,0.07125049084424973,0.07125049084424973,-1.0332188606262207,-0.01678781770169735,1.0332188606262207,0.0,0.0,0.01678781770169735
Insertion,0.07187527418136597,0.07187527418136597,-1.0488190650939941,-0.017775513231754303,1.0488190650939941,0.0,0.0,0.017775513231754303
Insertion,0.0725005567073822,0.0725005567073822,-1.064162015914917,-0.01853424496948719,1.064162015914917,0.0,0.0,0.01853424496948719
Insertion,0.07312506437301636,0.07312506437301636,-1.0791304111480713,-0.01937672682106495,1.0791304111480713,0.0,0.0,0.01937672682106495
Insertion,0.07375023514032364,0.07375023514032364,-1.0937834978103638,-0.02060617506504059,1.0937834978103638,0.0,0.0,0.02060617506504059
Insertion,0.07437541335821152,0.07437541335821152,-1.108100414276123,-0.02142420969903469,1.108100414276123,0.0,0.0,0.02142420969903469
Insertion,0.07500011473894119,0.07500011473894119,-1.1220247745513916,-0.022193599492311478,1.1220247745513916,0.0,0.0,0.022193599492311478
Insertion,0.07562541961669922,0.07562541961669922,-1.1355743408203125,-0.02333810180425644,1.1355743408203125,0.0,0.0,0.02333810180425644
Insertion,0.0762505903840065,0.0762505903840065,-1.1487693786621094,-0.024034583941102028,1.1487693786621094,0.0,0.0,0.024034583941102028
Insertion,0.07687557488679886,0.07687557488679886,-1.161548137664795,-0.024383164942264557,1.161548137664795,0.0,0.0,0.024383164942264557
Insertion,0.07750020921230316,0.07750020921230316,-1.173898458480835,-0.024515070021152496,1.173898458480835,0.0,0.0,0.024515070021152496
Insertion,0.07812526077032089,0.07812526077032089,-1.185868501663208,-0.022688178345561028,1.185868501663208,0.0,0.0,0.022688178345561028
Insertion,0.07875041663646698,0.07875041663646698,-1.1974101066589355,-0.010211823508143425,1.1974101066589355,0.0,0.0,0.010211823508143425
Insertion,0.0793750062584877,0.0793750062584877,-1.2085139751434326,-0.006003741640597582,1.2085139751434326,0.0,0.0,0.006003741640597582
Insertion,0.08000006526708603,0.08000006526708603,-1.2191948890686035,-0.01045320089906454,1.2191948890686035,0.0,0.0,0.01045320089906454
Insertion,0.08062516152858734,0.08062516152858734,-1.2294453382492065,-0.012689887546002865,1.2294453382492065,0.0,0.0,0.012689887546002865
Insertion,0.08125039935112,0.08125039935112,-1.2392507791519165,-0.008429405279457569,1.2392507791519165,0.0,0.0,0.008429405279457569
Insertion,0.08187516033649445,0.08187516033649445,-1.2486029863357544,-0.011670881882309914,1.2486029863357544,0.0,0.0,0.011670881882309914
Insertion,0.08250029385089874,0.08250029385089874,-1.2575225830078125,-0.012375443242490292,1.2575225830078125,0.0,0.0,0.012375443242490292
Insertion,0.08312562853097916,0.08312562853097916,-1.2660040855407715,-0.009537776000797749,1.2660040855407715,0.0,0.0,0.009537776000797749
Insertion,0.08375055342912674,0.08375055342912674,-1.274026870727539,-0.012633598409593105,1.274026870727539,0.0,0.0,0.012633598409593105
Insertion,0.08437560498714447,0.08437560498714447,-1.281598687171936,-0.012511461041867733,1.281598687171936,0.0,0.0,0.012511461041867733
Insertion,0.08500015735626221,0.08500015735626221,-1.2887226343154907,-0.009060961194336414,1.2887226343154907,0.0,0.0,0.009060961194336414
Insertion,0.08562532067298889,0.08562532067298889,-1.2954137325286865,-0.00414697639644146,1.2954137325286865,0.0,0.0,0.00414697639644146
Insertion,0.08625047653913498,0.08625047653913498,-1.3016657829284668,-0.003747669979929924,1.3016657829284668,0.0,0.0,0.003747669979929924
Insertion,0.0868750512599945,0.0868750512599945,-1.3074731826782227,-0.0030941942241042852,1.3074731826782227,0.0,0.0,0.0030941942241042852
Insertion,0.08750008046627045,0.08750008046627045,-1.3128662109375,-0.003232221817597747,1.3128662109375,0.0,0.0,0.003232221817597747
Insertion,0.0881257951259613,0.0881257951259613,-1.3178300857543945,-0.0037031949032098055,1.3178300857543945,0.0,0.0,0.0037031949032098055
Insertion,0.08875003457069397,0.08875003457069397,-1.3223772048950195,-0.0030580153688788414,1.3223772048950195,0.0,0.0,0.0030580153688788414
Insertion,0.08937504142522812,0.08937504142522812,-1.3265267610549927,-0.0038396900054067373,1.3265267610549927,0.0,0.0,0.0038396900054067373
Insertion,0.09000018984079361,0.09000018984079361,-1.330284833908081,-0.004165372345596552,1.330284833908081,0.0,0.0,0.004165372345596552
Insertion,0.09062545746564865,0.09062545746564865,-1.3336586952209473,-0.003225406166166067,1.3336586952209473,0.0,0.0,0.003225406166166067
Insertion,0.09125068783760071,0.09125068783760071,-1.336666464805603,-0.004116659052670002,1.336666464805603,0.0,0.0,0.004116659052670002
Insertion,0.09187570959329605,0.09187570959329605,-1.3393175601959229,-0.004436924587935209,1.3393175601959229,0.0,0.0,0.004436924587935209
Insertion,0.09250009804964066,0.09250009804964066,-1.3416211605072021,-0.0034512036945670843,1.3416211605072021,0.0,0.0,0.0034512036945670843
Insertion,0.09312503039836884,0.09312503039836884,-1.3436139822006226,-0.004167675040662289,1.3436139822006226,0.0,0.0,0.004167675040662289
Insertion,0.09375026822090149,0.09375026822090149,-1.3452980518341064,-0.004627290181815624,1.3452980518341064,0.0,0.0,0.004627290181815624
Insertion,0.09437523782253265,0.09437523782253265,-1.3467063903808594,-0.0036552180536091328,1.3467063903808594,0.0,0.0,0.0036552180536091328
Insertion,0.09500046819448471,0.09500046819448471,-1.3478507995605469,-0.004221794661134481,1.3478507995605469,0.0,0.0,0.004221794661134481
Insertion,0.09562544524669647,0.09562544524669647,-1.348755955696106,-0.004764065612107515,1.348755955696106,0.0,0.0,0.004764065612107515
Insertion,0.096250519156456,0.096250519156456,-1.349449872970581,-0.0038139710668474436,1.349449872970581,0.0,0.0,0.0038139710668474436
Insertion,0.09687548130750656,0.09687548130750656,-1.3499547243118286,-0.004207286983728409,1.3499547243118286,0.0,0.0,0.004207286983728409
Insertion,0.09750046581029892,0.09750046581029892,-1.350294589996338,-0.004778146278113127,1.350294589996338,0.0,0.0,0.004778146278113127
Insertion,0.09812556952238083,0.09812556952238083,-1.3505091667175293,-0.0038939982187002897,1.3505091667175293,0.0,0.0,0.0038939982187002897
Insertion,0.09875059127807617,0.09875059127807617,-1.350618600845337,-0.004209198988974094,1.350618600845337,0.0,0.0,0.004209198988974094
Insertion,0.09937578439712524,0.09937578439712524,-1.3506550788879395,-0.004804602358490229,1.3506550788879395,0.0,0.0,0.004804602358490229
Insertion,0.10000000149011612,0.10000000149011612,-1.350655198097229,-0.003994316793978214,1.350655198097229,0.0,0.0,0.003994316793978214
Holding,0.0,0.10000000149011612,-1.350655198097229,-0.0036012069322168827,1.350655198097229,0.0,0.0,0.0036012069322168827
Holding,0.0011252178810536861,0.1011252193711698,-1.3506553173065186,-0.004357964266091585,1.3506553173065186,0.0,0.0,0.004357964266091585
Holding,0.0022502217907458544,0.10225022328086197,-1.3506553173065186,-0.004655438009649515,1.3506553173065186,0.0,0.0,0.004655438009649515
Holding,0.003375477623194456,0.10337547911331058,-1.350655436515808,-0.004198275040835142,1.350655436515808,0.0,0.0,0.004198275040835142
Holding,0.004500582814216614,0.10450058430433273,-1.3506555557250977,-0.004191218875348568,1.3506555557250977,0.0,0.0,0.004191218875348568
Holding,0.005625372752547264,0.10562537424266338,-1.3506555557250977,-0.004125621635466814,1.3506555557250977,0.0,0.0,0.004125621635466814
Holding,0.006750153377652168,0.10675015486776829,-1.3506555557250977,-0.004293312318623066,1.3506555557250977,0.0,0.0,0.004293312318623066
Holding,0.007875759154558182,0.1078757606446743,-1.3506556749343872,-0.0046658930368721485,1.3506556749343872,0.0,0.0,0.0046658930368721485
Holding,0.009000851772725582,0.1090008532628417,-1.3506556749343872,-0.004302590619772673,1.3506556749343872,0.0,0.0,0.004302590619772673
Holding,0.010125942528247833,0.11012594401836395,-1.3506557941436768,-0.004104397259652615,1.3506557941436768,0.0,0.0,0.004104397259652615
Holding,0.011250725015997887,0.111250726506114,-1.3506557941436768,-0.004138142801821232,1.3506557941436768,0.0,0.0,0.004138142801821232
Holding,0.012375260703265667,0.11237526219338179,-1.3506557941436768,-0.00421884935349226,1.3506557941436768,0.0,0.0,0.00421884935349226
Holding,0.013500464148819447,0.11350046563893557,-1.3506557941436768,-0.004524259362369776,1.3506557941436768,0.0,0.0,0.004524259362369776
Holding,0.014625388197600842,0.11462538968771696,-1.3506556749343872,-0.004344109445810318,1.3506556749343872,0.0,0.0,0.004344109445810318
Holding,0.01575092040002346,0.11575092189013958,-1.3506555557250977,-0.0040808930061757565,1.3506555557250977,0.0,0.0,0.0040808930061757565
Holding,0.016875483095645905,0.11687548458576202,-1.350655436515808,-0.004160082433372736,1.350655436515808,0.0,0.0,0.004160082433372736
Holding,0.018000278621912003,0.11800028011202812,-1.350655436515808,-0.004261721856892109,1.350655436515808,0.0,0.0,0.004261721856892109
Holding,0.019125359132885933,0.11912536062300205,-1.3506553173065186,-0.004455470480024815,1.3506553173065186,0.0,0.0,0.004455470480024815
Holding,0.020250773057341576,0.1202507745474577,-1.3506553173065186,-0.0043634166941046715,1.3506553173065186,0.0,0.0,0.0043634166941046715
Holding,0.021375829353928566,0.12137583084404469,-1.3506553173065186,-0.004074567928910255,1.3506553173065186,0.0,0.0,0.004074567928910255
Holding,0.02250083163380623,0.12250083312392235,-1.3506553173065186,-0.004107056185603142,1.3506553173065186,0.0,0.0,0.004107056185603142
Holding,0.023625170812010765,0.12362517230212688,-1.3506553173065186,-0.004250209312886,1.3506553173065186,0.0,0.0,0.004250209312886
Holding,0.02475038357079029,0.12475038506090641,-1.350655436515808,-0.004386528395116329,1.350655436515808,0.0,0.0,0.004386528395116329
Holding,0.025875894352793694,0.1258758958429098,-1.3506553173065186,-0.004353916272521019,1.3506553173065186,0.0,0.0,0.004353916272521019
Holding,0.027000661939382553,0.12700066342949867,-1.3506553173065186,-0.00411287322640419,1.3506553173065186,0.0,0.0,0.00411287322640419
Holding,0.028125831857323647,0.12812583334743977,-1.3506553173065186,-0.0040967874228954315,1.3506553173065186,0.0,0.0,0.0040967874228954315
Holding,0.02925015054643154,0.12925015203654766,-1.350655436515808,-0.0042608920484781265,1.350655436515808,0.0,0.0,0.0042608920484781265
Holding,0.03037516213953495,0.13037516362965107,-1.3506555557250977,-0.004364184103906155,1.3506555557250977,0.0,0.0,0.004364184103906155
Holding,0.03150033950805664,0.13150034099817276,-1.350655436515808,-0.004329154267907143,1.350655436515808,0.0,0.0,0.004329154267907143
Holding,0.03262568265199661,0.13262568414211273,-1.3506555557250977,-0.004131746012717485,1.3506555557250977,0.0,0.0,0.004131746012717485
Holding,0.03375035151839256,0.13375035300850868,-1.350655436515808,-0.004075041506439447,1.350655436515808,0.0,0.0,0.004075041506439447
Holding,0.034875694662332535,0.13487569615244865,-1.350655436515808,-0.00423696544021368,1.350655436515808,0.0,0.0,0.00423696544021368
Holding,0.036000046879053116,0.13600004836916924,-1.3506555557250977,-0.004345414228737354,1.3506555557250977,0.0,0.0,0.004345414228737354
Holding,0.03712521493434906,0.13712521642446518,-1.3506557941436768,-0.00430766586214304,1.3506557941436768,0.0,0.0,0.00430766586214304
Holding,0.038250457495450974,0.1382504589855671,-1.3506557941436768,-0.004154403693974018,1.3506557941436768,0.0,0.0,0.004154403693974018
Holding,0.03937535732984543,0.13937535881996155,-1.3506557941436768,-0.004082892090082169,1.3506557941436768,0.0,0.0,0.004082892090082169
Holding,0.04050036147236824,0.14050036296248436,-1.3506557941436768,-0.0042169406078755856,1.3506557941436768,0.0,0.0,0.0042169406078755856
Holding,0.041625697165727615,0.14162569865584373,-1.3506557941436768,-0.004330581985414028,1.3506557941436768,0.0,0.0,0.004330581985414028
Holding,0.0427505224943161,0.14275052398443222,-1.3506556749343872,-0.004284868482500315,1.3506556749343872,0.0,0.0,0.004284868482500315
Holding,0.04387586936354637,0.1438758708536625,-1.3506556749343872,-0.004153301008045673,1.3506556749343872,0.0,0.0,0.004153301008045673
Holding,0.04500049352645874,0.14500049501657486,-1.3506556749343872,-0.004086099565029144,1.3506556749343872,0.0,0.0,0.004086099565029144
Holding,0.04612572118639946,0.14612572267651558,-1.3506557941436768,-0.004195482935756445,1.3506557941436768,0.0,0.0,0.004195482935756445
Holding,0.04725051671266556,0.14725051820278168,-1.3506557941436768,-0.004312263801693916,1.3506557941436768,0.0,0.0,0.004312263801693916
Holding,0.04837590083479881,0.14837590232491493,-1.3506556749343872,-0.004272844176739454,1.3506556749343872,0.0,0.0,0.004272844176739454
Holding,0.04950027912855148,0.1495002806186676,-1.3506555557250977,-0.004155292175710201,1.3506555557250977,0.0,0.0,0.004155292175710201
Holding,0.05062521621584892,0.15062521770596504,-1.3506555557250977,-0.004096703138202429,1.3506555557250977,0.0,0.0,0.004096703138202429
Holding,0.051750920712947845,0.15175092220306396,-1.3506555557250977,-0.004183910321444273,1.3506555557250977,0.0,0.0,0.004183910321444273
Holding,0.05287547782063484,0.15287547931075096,-1.3506555557250977,-0.0042951093055307865,1.3506555557250977,0.0,0.0,0.0042951093055307865
Holding,0.054000552743673325,0.15400055423378944,-1.350655436515808,-0.004262401722371578,1.350655436515808,0.0,0.0,0.004262401722371578
Holding,0.05512520298361778,0.1551252044737339,-1.3506553173065186,-0.0041513387113809586,1.3506553173065186,0.0,0.0,0.0041513387113809586
Holding,0.0562509149312973,0.15625091642141342,-1.3506553173065186,-0.004102090373635292,1.3506553173065186,0.0,0.0,0.004102090373635292
Holding,0.05737517774105072,0.15737517923116684,-1.3506553173065186,-0.004176579415798187,1.3506553173065186,0.0,0.0,0.004176579415798187
Holding,0.05850076675415039,0.1585007682442665,-1.3506553173065186,-0.004278809763491154,1.3506553173065186,0.0,0.0,0.004278809763491154
Holding,0.05962541699409485,0.15962541848421097,-1.3506553173065186,-0.0042526512406766415,1.3506553173065186,0.0,0.0,0.0042526512406766415
Holding,0.06075006723403931,0.16075006872415543,-1.3506553173065186,-0.004148569423705339,1.3506553173065186,0.0,0.0,0.004148569423705339
Holding,0.06187565624713898,0.1618756577372551,-1.3506553173065186,-0.004107445478439331,1.3506553173065186,0.0,0.0,0.004107445478439331
Holding,0.06300030648708344,0.16300030797719955,-1.3506553173065186,-0.004174100235104561,1.3506553173065186,0.0,0.0,0.004174100235104561
Holding,0.0641258955001831,0.16412589699029922,-1.350655198097229,-0.0042630876414477825,1.350655198097229,0.0,0.0,0.0042630876414477825
Holding,0.06525054574012756,0.16525054723024368,-1.3506553173065186,-0.004241348244249821,1.3506553173065186,0.0,0.0,0.004241348244249821
Holding,0.06637519598007202,0.16637519747018814,-1.3506553173065186,-0.004145760089159012,1.3506553173065186,0.0,0.0,0.004145760089159012
Holding,0.06750078499317169,0.1675007864832878,-1.350655436515808,-0.004109581001102924,1.350655436515808,0.0,0.0,0.004109581001102924
Holding,0.06862543523311615,0.16862543672323227,-1.350655436515808,-0.004170860163867474,1.350655436515808,0.0,0.0,0.004170860163867474
Holding,0.06975008547306061,0.16975008696317673,-1.3506555557250977,-0.004248374607414007,1.3506555557250977,0.0,0.0,0.004248374607414007
Holding,0.07087567448616028,0.1708756759762764,-1.350655436515808,-0.0042316848412156105,1.350655436515808,0.0,0.0,0.0042316848412156105
Holding,0.07200032472610474,0.17200032621622086,-1.3506555557250977,-0.0041455430909991264,1.3506555557250977,0.0,0.0,0.0041455430909991264
Holding,0.0731259137392044,0.17312591522932053,-1.350655436515808,-0.00411154143512249,1.350655436515808,0.0,0.0,0.00411154143512249
Holding,0.07425056397914886,0.17425056546926498,-1.3506556749343872,-0.004167702980339527,1.3506556749343872,0.0,0.0,0.004167702980339527
Holding,0.07537521421909332,0.17537521570920944,-1.3506556749343872,-0.004236175213009119,1.3506556749343872,0.0,0.0,0.004236175213009119
Holding,0.076500803232193,0.1765008047223091,-1.3506556749343872,-0.004223007708787918,1.3506556749343872,0.0,0.0,0.004223007708787918
Holding,0.07762545347213745,0.17762545496225357,-1.3506556749343872,-0.004146462306380272,1.3506556749343872,0.0,0.0,0.004146462306380272
Holding,0.07875010371208191,0.17875010520219803,-1.3506557941436768,-0.004113247152417898,1.3506557941436768,0.0,0.0,0.004113247152417898
Holding,0.07987569272518158,0.1798756942152977,-1.3506557941436768,-0.004164045676589012,1.3506557941436768,0.0,0.0,0.004164045676589012
Holding,0.08100034296512604,0.18100034445524216,-1.3506557941436768,-0.004226050805300474,1.3506557941436768,0.0,0.0,0.004226050805300474
Holding,0.0821249932050705,0.18212499469518661,-1.3506557941436768,-0.00421577924862504,1.3506557941436768,0.0,0.0,0.00421577924862504
Holding,0.08325058221817017,0.18325058370828629,-1.3506556749343872,-0.004147571511566639,1.3506556749343872,0.0,0.0,0.004147571511566639
Holding,0.08437523245811462,0.18437523394823074,-1.3506556749343872,-0.004115586634725332,1.3506556749343872,0.0,0.0,0.004115586634725332
Holding,0.0855008214712143,0.1855008229613304,-1.3506557941436768,-0.004159876145422459,1.3506557941436768,0.0,0.0,0.004159876145422459
Holding,0.08662547171115875,0.18662547320127487,-1.3506557941436768,-0.0042166681960225105,1.3506557941436768,0.0,0.0,0.0042166681960225105
Holding,0.08775012195110321,0.18775012344121933,-1.3506557941436768,-0.004208853468298912,1.3506557941436768,0.0,0.0,0.004208853468298912
Holding,0.08887571096420288,0.188875712454319,-1.3506557941436768,-0.004148455802351236,1.3506557941436768,0.0,0.0,0.004148455802351236
Holding,0.09000036120414734,0.19000036269426346,-1.3506557941436768,-0.004117753356695175,1.3506557941436768,0.0,0.0,0.004117753356695175
Holding,0.0911250114440918,0.19112501293420792,-1.3506556749343872,-0.004155376926064491,1.3506556749343872,0.0,0.0,0.004155376926064491
Holding,0.09225060045719147,0.1922506019473076,-1.3506555557250977,-0.0042074634693562984,1.3506555557250977,0.0,0.0,0.0042074634693562984
Holding,0.09337525069713593,0.19337525218725204,-1.3506556749343872,-0.0042027924209833145,1.3506556749343872,0.0,0.0,0.0042027924209833145
Holding,0.0945008397102356,0.19450084120035172,-1.3506557941436768,-0.004149480722844601,1.3506557941436768,0.0,0.0,0.004149480722844601
Holding,0.09562548995018005,0.19562549144029617,-1.3506557941436768,-0.004119589924812317,1.3506557941436768,0.0,0.0,0.004119589924812317
Holding,0.09675014019012451,0.19675014168024063,-1.3506557941436768,-0.004151390865445137,1.3506557941436768,0.0,0.0,0.004151390865445137
Holding,0.09787572920322418,0.1978757306933403,-1.3506556749343872,-0.0041982620023190975,1.3506556749343872,0.0,0.0,0.0041982620023190975
Holding,0.09900037944316864,0.19900038093328476,-1.3506556749343872,-0.004196618217974901,1.3506556749343872,0.0,0.0,0.004196618217974901
Holding,0.1001250296831131,0.20012503117322922,-1.3506556749343872,-0.004149989224970341,1.3506556749343872,0.0,0.0,0.004149989224970341
Holding,0.10125061869621277,0.2012506201863289,-1.3506555557250977,-0.004120331257581711,1.3506555557250977,0.0,0.0,0.004120331257581711
Holding,0.10237526893615723,0.20237527042627335,-1.3506556749343872,-0.004146916791796684,1.3506556749343872,0.0,0.0,0.004146916791796684
Holding,0.1035008579492569,0.20350085943937302,-1.3506556749343872,-0.00419122539460659,1.3506556749343872,0.0,0.0,0.00419122539460659
Holding,0.10462550818920135,0.20462550967931747,-1.3506556749343872,-0.004192170687019825,1.3506556749343872,0.0,0.0,0.004192170687019825
Holding,0.10575015842914581,0.20575015991926193,-1.3506555557250977,-0.0041505987755954266,1.3506555557250977,0.0,0.0,0.0041505987755954266
Holding,0.10687574744224548,0.2068757489323616,-1.3506555557250977,-0.0041223387233912945,1.3506555557250977,0.0,0.0,0.0041223387233912945
Holding,0.10800039768218994,0.20800039917230606,-1.3506555557250977,-0.004144038073718548,1.3506555557250977,0.0,0.0,0.004144038073718548
Holding,0.1091250479221344,0.20912504941225052,-1.3506555557250977,-0.004184462130069733,1.3506555557250977,0.0,0.0,0.004184462130069733
Holding,0.11025063693523407,0.2102506384253502,-1.350655436515808,-0.004188499413430691,1.350655436515808,0.0,0.0,0.004188499413430691
Holding,0.11137528717517853,0.21137528866529465,-1.350655436515808,-0.004151901695877314,1.350655436515808,0.0,0.0,0.004151901695877314
Holding,0.1125008761882782,0.21250087767839432,-1.3506555557250977,-0.004124768078327179,1.3506555557250977,0.0,0.0,0.004124768078327179
Holding,0.11362552642822266,0.21362552791833878,-1.3506555557250977,-0.004141641780734062,1.3506555557250977,0.0,0.0,0.004141641780734062
Holding,0.11475017666816711,0.21475017815828323,-1.3506555557250977,-0.004177385941147804,1.3506555557250977,0.0,0.0,0.004177385941147804
Holding,0.11587576568126678,0.2158757671713829,-1.3506557941436768,-0.0041839685291051865,1.3506557941436768,0.0,0.0,0.0041839685291051865
Holding,0.11700041592121124,0.21700041741132736,-1.3506557941436768,-0.004153060261160135,1.3506557941436768,0.0,0.0,0.004153060261160135
Holding,0.1181250661611557,0.21812506765127182,-1.3506555557250977,-0.004126171115785837,1.3506555557250977,0.0,0.0,0.004126171115785837
Holding,0.11925065517425537,0.2192506566643715,-1.3506555557250977,-0.004139198921620846,1.3506555557250977,0.0,0.0,0.004139198921620846
Holding,0.12037530541419983,0.22037530690431595,-1.3506555557250977,-0.004171860869973898,1.3506555557250977,0.0,0.0,0.004171860869973898
Holding,0.1215008944272995,0.22150089591741562,-1.3506555557250977,-0.004180373158305883,1.3506555557250977,0.0,0.0,0.004180373158305883
Holding,0.12262554466724396,0.22262554615736008,-1.3506555557250977,-0.004154428839683533,1.3506555557250977,0.0,0.0,0.004154428839683533
Holding,0.12375019490718842,0.22375019639730453,-1.3506555557250977,-0.00412879791110754,1.3506555557250977,0.0,0.0,0.00412879791110754
Holding,0.12487578392028809,0.2248757854104042,-1.3506555557250977,-0.004136628471314907,1.3506555557250977,0.0,0.0,0.004136628471314907
Holding,0.12600043416023254,0.22600043565034866,-1.3506555557250977,-0.004166752099990845,1.3506555557250977,0.0,0.0,0.004166752099990845
Holding,0.127125084400177,0.22712508589029312,-1.3506555557250977,-0.00417676754295826,1.3506555557250977,0.0,0.0,0.00417676754295826
Holding,0.12825067341327667,0.2282506749033928,-1.3506556749343872,-0.004154727794229984,1.3506556749343872,0.0,0.0,0.004154727794229984
Holding,0.12937532365322113,0.22937532514333725,-1.3506555557250977,-0.004130636341869831,1.3506555557250977,0.0,0.0,0.004130636341869831
Holding,0.1305009126663208,0.23050091415643692,-1.3506555557250977,-0.004135557450354099,1.3506555557250977,0.0,0.0,0.004135557450354099
Holding,0.13162556290626526,0.23162556439638138,-1.3506555557250977,-0.004162368830293417,1.3506555557250977,0.0,0.0,0.004162368830293417
Holding,0.13275021314620972,0.23275021463632584,-1.3506556749343872,-0.0041739242151379585,1.3506556749343872,0.0,0.0,0.0041739242151379585
Holding,0.1338758021593094,0.2338758036494255,-1.3506556749343872,-0.004155509173870087,1.3506556749343872,0.0,0.0,0.004155509173870087
Holding,0.13500045239925385,0.23500045388936996,-1.3506555557250977,-0.0041327103972435,1.3506555557250977,0.0,0.0,0.0041327103972435
Holding,0.1361251026391983,0.23612510412931442,-1.3506555557250977,-0.004134566057473421,1.3506555557250977,0.0,0.0,0.004134566057473421
Holding,0.13725069165229797,0.2372506931424141,-1.3506555557250977,-0.0041579497046768665,1.3506555557250977,0.0,0.0,0.0041579497046768665
Holding,0.13837534189224243,0.23837534338235855,-1.3506555557250977,-0.004170430824160576,1.3506555557250977,0.0,0.0,0.004170430824160576
Holding,0.1394999921321869,0.239499993622303,-1.3506555557250977,-0.00415587704628706,1.3506555557250977,0.0,0.0,0.00415587704628706
Holding,0.14062558114528656,0.24062558263540268,-1.3506556749343872,-0.0041344547644257545,1.3506556749343872,0.0,0.0,0.0041344547644257545
Holding,0.14175023138523102,0.24175023287534714,-1.3506555557250977,-0.004134246148169041,1.3506555557250977,0.0,0.0,0.004134246148169041
Holding,0.1428758203983307,0.2428758218884468,-1.3506555557250977,-0.00415452104061842,1.3506555557250977,0.0,0.0,0.00415452104061842
Holding,0.14400047063827515,0.24400047212839127,-1.3506555557250977,-0.004167540930211544,1.3506555557250977,0.0,0.0,0.004167540930211544
Holding,0.1451251208782196,0.24512512236833572,-1.350655436515808,-0.004156324081122875,1.350655436515808,0.0,0.0,0.004156324081122875
Holding,0.14625070989131927,0.2462507113814354,-1.350655436515808,-0.004136231727898121,1.350655436515808,0.0,0.0,0.004136231727898121
Holding,0.14737536013126373,0.24737536162137985,-1.350655436515808,-0.004133977461606264,1.350655436515808,0.0,0.0,0.004133977461606264
Holding,0.1485000103712082,0.2485000118613243,-1.3506553173065186,-0.004151401109993458,1.3506553173065186,0.0,0.0,0.004151401109993458
Holding,0.14962559938430786,0.24962560087442398,-1.350655436515808,-0.004164528101682663,1.350655436515808,0.0,0.0,0.004164528101682663
Holding,0.15075024962425232,0.25075025111436844,-1.3506553173065186,-0.004156327806413174,1.3506553173065186,0.0,0.0,0.004156327806413174
Holding,0.151875838637352,0.2518758401274681,-1.350655198097229,-0.004138065502047539,1.350655198097229,0.0,0.0,0.004138065502047539
Holding,0.15300048887729645,0.25300049036741257,-1.350655198097229,-0.004134071059525013,1.350655198097229,0.0,0.0,0.004134071059525013
Holding,0.1541251391172409,0.254125140607357,-1.3506550788879395,-0.004148830659687519,1.3506550788879395,0.0,0.0,0.004148830659687519
Holding,0.15525072813034058,0.2552507296204567,-1.3506550788879395,-0.0041619958356022835,1.3506550788879395,0.0,0.0,0.0041619958356022835
Holding,0.15637537837028503,0.25637537986040115,-1.35065495967865,-0.004156295210123062,1.35065495967865,0.0,0.0,0.004156295210123062
Holding,0.1575000286102295,0.2575000301003456,-1.35065495967865,-0.004139893222600222,1.35065495967865,0.0,0.0,0.004139893222600222
Holding,0.15862561762332916,0.2586256191134453,-1.35065495967865,-0.0041343471966683865,1.35065495967865,0.0,0.0,0.0041343471966683865
Holding,0.15975026786327362,0.25975026935338974,-1.3506550788879395,-0.004146479070186615,1.3506550788879395,0.0,0.0,0.004146479070186615
Holding,0.1608758568763733,0.2608758583664894,-1.3506550788879395,-0.004159366711974144,1.3506550788879395,0.0,0.0,0.004159366711974144
Holding,0.16200050711631775,0.26200050860643387,-1.3506548404693604,-0.004156019538640976,1.3506548404693604,0.0,0.0,0.004156019538640976
Holding,0.1631251573562622,0.2631251588463783,-1.3506547212600708,-0.004141383804380894,1.3506547212600708,0.0,0.0,0.004141383804380894
Holding,0.16425074636936188,0.264250747859478,-1.3506546020507812,-0.004134891089051962,1.3506546020507812,0.0,0.0,0.004134891089051962
Holding,0.16537539660930634,0.26537539809942245,-1.3506546020507812,-0.004144635051488876,1.3506546020507812,0.0,0.0,0.004144635051488876
Holding,0.1665000468492508,0.2665000483393669,-1.3506546020507812,-0.004157030954957008,1.3506546020507812,0.0,0.0,0.004157030954957008
Holding,0.16762563586235046,0.2676256373524666,-1.3506546020507812,-0.004155653528869152,1.3506546020507812,0.0,0.0,0.004155653528869152
Holding,0.16875028610229492,0.26875028759241104,-1.3506546020507812,-0.00414277333766222,1.3506546020507812,0.0,0.0,0.00414277333766222
Holding,0.1698758751153946,0.2698758766055107,-1.3506544828414917,-0.004135575145483017,1.3506544828414917,0.0,0.0,0.004135575145483017
Holding,0.17100052535533905,0.27100052684545517,-1.3506544828414917,-0.004143167287111282,1.3506544828414917,0.0,0.0,0.004143167287111282
Holding,0.1721251755952835,0.2721251770853996,-1.3506543636322021,-0.004154759459197521,1.3506543636322021,0.0,0.0,0.004154759459197521
Holding,0.17325076460838318,0.2732507660984993,-1.3506543636322021,-0.004155056085437536,1.3506543636322021,0.0,0.0,0.004155056085437536
Holding,0.17437541484832764,0.27437541633844376,-1.3506542444229126,-0.004144033882766962,1.3506542444229126,0.0,0.0,0.004144033882766962
Holding,0.1755000650882721,0.2755000665783882,-1.350654125213623,-0.0041363537311553955,1.350654125213623,0.0,0.0,0.0041363537311553955
Holding,0.17662565410137177,0.2766256555914879,-1.350654125213623,-0.004142007790505886,1.350654125213623,0.0,0.0,0.004142007790505886
Holding,0.17775030434131622,0.27775030583143234,-1.3506543636322021,-0.004152853041887283,1.3506543636322021,0.0,0.0,0.004152853041887283
Holding,0.1788758933544159,0.278875894844532,-1.3506542444229126,-0.0041544148698449135,1.3506542444229126,0.0,0.0,0.0041544148698449135
Holding,0.18000000715255737,0.2800000086426735,-1.350654125213623,-0.004145358689129353,1.350654125213623,0.0,0.0,0.004145358689129353
Pull_out,0.0,0.2800000086426735,-1.350654125213623,-0.004256090149283409,1.350654125213623,0.0,0.0,0.004256090149283409
Pull_out,0.0010003279894590378,0.28100033663213253,-1.350654125213623,-0.004139670170843601,1.350654125213623,0.0,0.0,0.004139670170843601
Pull_out,0.0020007812418043613,0.28200078988447785,-1.3506542444229126,-0.004134574439376593,1.3506542444229126,0.0,0.0,0.004134574439376593
Pull_out,0.003000068012624979,0.28300007665529847,-1.3505768775939941,-0.004126586485654116,1.3505768775939941,0.0,0.0,0.004126586485654116
Pull_out,0.004000540357083082,0.2840005489997566,-1.3504517078399658,-0.004116493742913008,1.3504517078399658,0.0,0.0,0.004116493742913008
Pull_out,0.0050009205006062984,0.2850009291432798,-1.3502230644226074,-0.004100458230823278,1.3502230644226074,0.0,0.0,0.004100458230823278
Pull_out,0.006000347901135683,0.2860003565438092,-1.3499020338058472,-0.004075768403708935,1.3499020338058472,9.796619415292085e-05,0.0,0.004075768403708935
Pull_out,0.007000570185482502,0.287000578828156,-1.349460482597351,-0.00404311204329133,1.349460482597351,0.0005395174026490146,0.0,0.00404311204329133
Pull_out,0.008000325411558151,0.28800033405423164,-1.348882794380188,-0.0039990670047700405,1.348882794380188,0.0011172056198121005,0.0,0.0039990670047700405
Pull_out,0.009000644087791443,0.28900065273046494,-1.348153829574585,-0.003940947819501162,1.348153829574585,0.0018461704254151279,0.0,0.003940947819501162
Pull_out,0.010000019334256649,0.29000002797693014,-1.3472378253936768,-0.0038687684573233128,1.3472378253936768,0.002762174606323331,0.0,0.0038687684573233128
Pull_out,0.011000330559909344,0.29100033920258284,-1.346153736114502,-0.003780979663133621,1.346153736114502,0.0038462638854981357,0.0,0.003780979663133621
Pull_out,0.012000341899693012,0.2920003505423665,-1.3448511362075806,-0.0036750477738678455,1.3448511362075806,0.005148863792419522,0.0,0.0036750477738678455
Pull_out,0.013000019825994968,0.29300002846866846,-1.3433436155319214,-0.0035507199354469776,1.3433436155319214,0.006656384468078702,0.0,0.0035507199354469776
Pull_out,0.014000052586197853,0.29400006122887135,-1.3416111469268799,-0.0034093623980879784,1.3416111469268799,0.008388853073120206,0.0,0.0034093623980879784
Pull_out,0.015000172890722752,0.29500018153339624,-1.3396384716033936,-0.0032489446457475424,1.3396384716033936,0.010361528396606534,0.0,0.0032489446457475424
Pull_out,0.016000255942344666,0.29600026458501816,-1.3374137878417969,-0.0030691528227180243,1.3374137878417969,0.012586212158203214,0.0,0.0030691528227180243
Pull_out,0.01700056716799736,0.29700057581067085,-1.3349246978759766,-0.0028699547983705997,1.3349246978759766,0.015075302124023526,0.0,0.0028699547983705997
Pull_out,0.01800025813281536,0.29800026677548885,-1.3321654796600342,-0.002652965486049652,1.3321654796600342,0.01783452033996591,0.0,0.002652965486049652
Pull_out,0.01900068111717701,0.2990006897598505,-1.3291230201721191,-0.0024174577556550503,1.3291230201721191,0.020876979827880948,0.0,0.0024174577556550503
Pull_out,0.020000910386443138,0.30000091902911663,-1.325793981552124,-0.0021646665409207344,1.325793981552124,0.024206018447876065,0.0,0.0021646665409207344
Pull_out,0.021000219509005547,0.30100022815167904,-1.32217276096344,-0.0018950309604406357,1.32217276096344,0.027827239036560147,0.0,0.0018950309604406357
Pull_out,0.022000379860401154,0.30200038850307465,-1.3182387351989746,-0.0016040250193327665,1.3182387351989746,0.03176126480102548,0.0,0.0016040250193327665
Pull_out,0.023000221699476242,0.30300023034214973,-1.3139915466308594,-0.0012337692314758897,1.3139915466308594,0.036008453369140714,0.0,0.0012337692314758897
Pull_out,0.024000421166419983,0.3040004298090935,-1.3094302415847778,-0.0009286530548706651,1.3094302415847778,0.04056975841522226,0.0,0.0009286530548706651
Pull_out,0.02500085160136223,0.3050008602440357,-1.304542064666748,-0.0005545577732846141,1.304542064666748,0.04545793533325204,0.0,0.0005545577732846141
Pull_out,0.02600003033876419,0.3060000389814377,-1.2993253469467163,-0.0002801991067826748,1.2993253469467163,0.05067465305328378,0.0,0.0002801991067826748
Pull_out,0.027000803500413895,0.3070008121430874,-1.2937703132629395,0.00017938790551852435,1.2937703132629395,0.056229686737060636,0.00017938790551852435,0.00017938790551852435
Pull_out,0.02800040878355503,0.3080004174262285,-1.2878849506378174,0.0005042076809331775,1.2878849506378174,0.062115049362182706,0.0005042076809331775,0.0005042076809331775
Pull_out,0.029000524431467056,0.30900053307414055,-1.2816555500030518,0.0009278713259845972,1.2816555500030518,0.06834444999694833,0.0009278713259845972,0.0009278713259845972
Pull_out,0.0300005953758955,0.310000604018569,-1.2750821113586426,0.0013176940847188234,1.2750821113586426,0.07491788864135751,0.0013176940847188234,0.0013176940847188234
Pull_out,0.031000785529613495,0.311000794172287,-1.2681620121002197,0.0017503838753327727,1.2681620121002197,0.08183798789978036,0.0017503838753327727,0.0017503838753327727
Pull_out,0.0320008210837841,0.3120008297264576,-1.2608972787857056,0.0022182026877999306,1.2608972787857056,0.08910272121429452,0.0022182026877999306,0.0022182026877999306
Pull_out,0.033000845462083817,0.3130008541047573,-1.2532858848571777,0.002674698829650879,1.2532858848571777,0.09671411514282235,0.002674698829650879,0.002674698829650879
Pull_out,0.03400028124451637,0.31400028988718987,-1.2453246116638184,0.003150810254737735,1.2453246116638184,0.10467538833618173,0.003150810254737735,0.003150810254737735
Pull_out,0.03500030189752579,0.3150003105401993,-1.2370089292526245,0.003636367153376341,1.2370089292526245,0.11299107074737558,0.003636367153376341,0.003636367153376341
Pull_out,0.03600075840950012,0.3160007670521736,-1.2283427715301514,0.004143552388995886,1.2283427715301514,0.12165722846984872,0.004143552388995886,0.004143552388995886
Pull_out,0.03700067102909088,0.3170006796717644,-1.219331979751587,0.004667638801038265,1.219331979751587,0.13066802024841317,0.004667638801038265,0.004667638801038265
Pull_out,0.03800050914287567,0.31800051778554916,-1.2099759578704834,0.0052169873379170895,1.2099759578704834,0.1400240421295167,0.0052169873379170895,0.0052169873379170895
Pull_out,0.039000313729047775,0.31900032237172127,-1.20027494430542,0.005791781935840845,1.20027494430542,0.14972505569458017,0.005791781935840845,0.005791781935840845
Pull_out,0.0400007925927639,0.3200008012354374,-1.1902220249176025,0.006373152136802673,1.1902220249176025,0.15977797508239755,0.006373152136802673,0.006373152136802673
Pull_out,0.04100021347403526,0.32100022211670876,-1.1798388957977295,0.006957614328712225,1.1798388957977295,0.1701611042022706,0.006957614328712225,0.006957614328712225
Pull_out,0.04200075566768646,0.32200076431035995,-1.169109582901001,0.007494887802749872,1.169109582901001,0.1808904170989991,0.007494887802749872,0.007494887802749872
Pull_out,0.043000441044569016,0.3230004496872425,-1.1580531597137451,0.007909709587693214,1.1580531597137451,0.19194684028625497,0.007909709587693214,0.007909709587693214
Pull_out,0.04400033876299858,0.3240003474056721,-1.1466703414916992,0.008243531920015812,1.1466703414916992,0.20332965850830087,0.008243531920015812,0.008243531920015812
Pull_out,0.04500008746981621,0.3250000961124897,-1.1349637508392334,0.008461015298962593,1.1349637508392334,0.2150362491607667,0.008461015298962593,0.008461015298962593
Pull_out,0.04600003734230995,0.32600004598498344,-1.122948169708252,0.008545847609639168,1.122948169708252,0.22705183029174814,0.008545847609639168,0.008545847609639168
Pull_out,0.04700034484267235,0.32700035348534584,-1.1105999946594238,0.008484072983264923,1.1105999946594238,0.23940000534057626,0.008484072983264923,0.008484072983264923
Pull_out,0.04800031706690788,0.3280003257095814,-1.0979347229003906,0.008191322907805443,1.0979347229003906,0.25206527709960946,0.008191322907805443,0.008191322907805443
Pull_out,0.049000225961208344,0.32900023460388184,-1.0849660634994507,0.007586298510432243,1.0849660634994507,0.2650339365005494,0.007586298510432243,0.007586298510432243
Pull_out,0.050000835210084915,0.3300008438527584,-1.0716887712478638,0.006708117667585611,1.0716887712478638,0.2783112287521363,0.006708117667585611,0.006708117667585611
Pull_out,0.05100035294890404,0.33100036159157753,-1.0581257343292236,0.005731439217925072,1.0581257343292236,0.29187426567077646,0.005731439217925072,0.005731439217925072
Pull_out,0.05200037732720375,0.33200038596987724,-1.0442739725112915,0.005126709118485451,1.0442739725112915,0.3057260274887086,0.005126709118485451,0.005126709118485451
Pull_out,0.05300069600343704,0.33300070464611053,-1.0301405191421509,0.004914822522550821,1.0301405191421509,0.3198594808578492,0.004914822522550821,0.004914822522550821
Pull_out,0.05400025099515915,0.33400025963783264,-1.0157287120819092,0.0054711406119167805,1.0157287120819092,0.3342712879180909,0.0054711406119167805,0.0054711406119167805
Pull_out,0.05500061437487602,0.3350006230175495,-1.001062035560608,0.006246242672204971,1.001062035560608,0.3489379644393922,0.006246242672204971,0.006246242672204971
Pull_out,0.05600038543343544,0.33600039407610893,-0.986162006855011,0.00707697868347168,0.986162006855011,0.3638379931449891,0.00707697868347168,0.00707697868347168
Pull_out,0.05700063705444336,0.33700064569711685,-0.9709773063659668,0.007992220111191273,0.9709773063659668,0.3790226936340333,0.007992220111191273,0.007992220111191273
Pull_out,0.05800050124526024,0.33800050988793373,-0.9555855393409729,0.00892206933349371,0.9555855393409729,0.3944144606590272,0.00892206933349371,0.00892206933349371
Pull_out,0.059000782668590546,0.33900079131126404,-0.9399524927139282,0.009909466840326786,0.9399524927139282,0.41004750728607187,0.009909466840326786,0.009909466840326786
Pull_out,0.060000091791152954,0.34000010043382645,-0.92411208152771,0.01096524391323328,0.92411208152771,0.42588791847229013,0.01096524391323328,0.01096524391323328
Pull_out,0.061000626534223557,0.34100063517689705,-0.908030092716217,0.01191260851919651,0.908030092716217,0.44196990728378305,0.01191260851919651,0.01191260851919651
Pull_out,0.062000472098588943,0.34200048074126244,-0.8917628526687622,0.013056374154984951,0.8917628526687622,0.4582371473312379,0.013056374154984951,0.013056374154984951
Pull_out,0.06300053000450134,0.34300053864717484,-0.8752892017364502,0.014297391287982464,0.8752892017364502,0.4747107982635499,0.014297391287982464,0.014297391287982464
Pull_out,0.06400002539157867,0.34400003403425217,-0.8586463928222656,0.01556727010756731,0.8586463928222656,0.49135360717773446,0.01556727010756731,0.01556727010756731
Pull_out,0.06500020623207092,0.3450002148747444,-0.8418093323707581,0.01693630963563919,0.8418093323707581,0.508190667629242,0.01693630963563919,0.01693630963563919
Pull_out,0.06600033491849899,0.3460003435611725,-0.8248199224472046,0.018323276191949844,0.8248199224472046,0.5251800775527955,0.018323276191949844,0.018323276191949844
Pull_out,0.06700068712234497,0.34700069576501846,-0.8076707124710083,0.019740914925932884,0.8076707124710083,0.5423292875289918,0.019740914925932884,0.019740914925932884
Pull_out,0.06800046563148499,0.3480004742741585,-0.7903892993927002,0.021230775862932205,0.7903892993927002,0.5596107006072999,0.021230775862932205,0.021230775862932205
Pull_out,0.06900002807378769,0.3490000367164612,-0.7729766368865967,0.022794056683778763,0.7729766368865967,0.5770233631134034,0.022794056683778763,0.022794056683778763
Pull_out,0.07000011950731277,0.35000012814998627,-0.755435049533844,0.024407541379332542,0.755435049533844,0.5945649504661561,0.024407541379332542,0.024407541379332542
Pull_out,0.07100055366754532,0.3510005623102188,-0.7377698421478271,0.026077132672071457,0.7377698421478271,0.6122301578521729,0.026077132672071457,0.026077132672071457
Pull_out,0.07200058549642563,0.3520005941390991,-0.7200076580047607,0.027826663106679916,0.7200076580047607,0.6299923419952393,0.027826663106679916,0.027826663106679916
Pull_out,0.07300014048814774,0.35300014913082123,-0.702174723148346,0.02963837794959545,0.702174723148346,0.6478252768516541,0.02963837794959545,0.02963837794959545
Pull_out,0.07400023192167282,0.3540002405643463,-0.6842501163482666,0.03150179982185364,0.6842501163482666,0.6657498836517335,0.03150179982185364,0.03150179982185364
Pull_out,0.07500001043081284,0.35500001907348633,-0.6662696003913879,0.03342803567647934,0.6662696003913879,0.6837303996086121,0.03342803567647934,0.03342803567647934
Pull_out,0.0760001391172409,0.3560001477599144,-0.6482182741165161,0.03543660417199135,0.6482182741165161,0.701781725883484,0.03543660417199135,0.03543660417199135
Pull_out,0.07700033485889435,0.35700034350156784,-0.6301136016845703,0.037504009902477264,0.6301136016845703,0.7198863983154298,0.037504009902477264,0.037504009902477264
Pull_out,0.07800023257732391,0.3580002412199974,-0.6119896173477173,0.039611972868442535,0.6119896173477173,0.7380103826522828,0.039611972868442535,0.039611972868442535
Pull_out,0.07900051027536392,0.3590005189180374,-0.5938478708267212,0.04174325242638588,0.5938478708267212,0.7561521291732789,0.04174325242638588,0.04174325242638588
Pull_out,0.08000028133392334,0.36000028997659683,-0.5756805539131165,0.043944716453552246,0.5756805539131165,0.7743194460868836,0.043944716453552246,0.043944716453552246
Pull_out,0.08100016415119171,0.3610001727938652,-0.5575183033943176,0.046225883066654205,0.5575183033943176,0.7924816966056825,0.046225883066654205,0.046225883066654205
Pull_out,0.08200009912252426,0.36200010776519775,-0.5393739938735962,0.04858940839767456,0.5393739938735962,0.8106260061264039,0.04858940839767456,0.04858940839767456
Pull_out,0.08300039172172546,0.36300040036439896,-0.5212360620498657,0.0510689839720726,0.5212360620498657,0.8287639379501344,0.0510689839720726,0.0510689839720726
Pull_out,0.08400041610002518,0.36400042474269867,-0.5031430125236511,0.05369197204709053,0.5031430125236511,0.846856987476349,0.05369197204709053,0.05369197204709053
Pull_out,0.0850001648068428,0.3650001734495163,-0.4851096272468567,0.05647856369614601,0.4851096272468567,0.8648903727531434,0.05647856369614601,0.05647856369614601
Pull_out,0.08600014448165894,0.36600015312433243,-0.46709954738616943,0.059339407831430435,0.46709954738616943,0.8829004526138307,0.059339407831430435,0.059339407831430435
Pull_out,0.08700024336576462,0.3670002520084381,-0.44916611909866333,0.06221694499254227,0.44916611909866333,0.9008338809013368,0.06221694499254227,0.06221694499254227
Pull_out,0.08800023794174194,0.36800024658441544,-0.43131422996520996,0.06526026129722595,0.43131422996520996,0.9186857700347901,0.06526026129722595,0.06526026129722595
Pull_out,0.08900004625320435,0.36900005489587784,-0.4135602116584778,0.06841384619474411,0.4135602116584778,0.9364397883415223,0.06841384619474411,0.06841384619474411
Pull_out,0.09000013768672943,0.3700001463294029,-0.3959050178527832,0.07158692181110382,0.3959050178527832,0.9540949821472169,0.07158692181110382,0.07158692181110382
Pull_out,0.09100008755922318,0.37100009620189667,-0.3783630132675171,0.07475799322128296,0.3783630132675171,0.971636986732483,0.07475799322128296,0.07475799322128296
Pull_out,0.09200040996074677,0.37200041860342026,-0.36093026399612427,0.07783407717943192,0.36093026399612427,0.9890697360038758,0.07783407717943192,0.07783407717943192
Pull_out,0.09300000965595245,0.37300001829862595,-0.3436688184738159,0.08119135349988937,0.3436688184738159,1.0063311815261842,0.08119135349988937,0.08119135349988937
Pull_out,0.09400030970573425,0.37400031834840775,-0.3265453279018402,0.08447448164224625,0.3265453279018402,1.0234546720981599,0.08447448164224625,0.08447448164224625
Pull_out,0.09500014781951904,0.37500015646219254,-0.30955591797828674,0.08724348247051239,0.30955591797828674,1.0404440820217133,0.08724348247051239,0.08724348247051239
Pull_out,0.09600020945072174,0.37600021809339523,-0.29272031784057617,0.09034162759780884,0.29272031784057617,1.057279682159424,0.09034162759780884,0.09034162759780884
Pull_out,0.09700023382902145,0.37700024247169495,-0.27607861161231995,0.09334806352853775,0.27607861161231995,1.0739213883876801,0.09334806352853775,0.09334806352853775
Pull_out,0.09800035506486893,0.3780003637075424,-0.25964459776878357,0.09699337184429169,0.25964459776878357,1.0903554022312165,0.09699337184429169,0.09699337184429169
Pull_out,0.0990002229809761,0.3790002316236496,-0.24335640668869019,0.10031963139772415,0.24335640668869019,1.10664359331131,0.10031963139772415,0.10031963139772415
Pull_out,0.10000001639127731,0.3800000250339508,-0.22727087140083313,0.10218044370412827,0.22727087140083313,1.122729128599167,0.10218044370412827,0.10218044370412827
Pull_out,0.10100006312131882,0.3810000717639923,-0.21147921681404114,0.0976434126496315,0.21147921681404114,1.138520783185959,0.0976434126496315,0.0976434126496315
Pull_out,0.1020001545548439,0.3820001631975174,-0.19585800170898438,0.10204753279685974,0.19585800170898438,1.1541419982910157,0.10204753279685974,0.10204753279685974
Pull_out,0.10300017148256302,0.3830001801252365,-0.180429607629776,0.10506149381399155,0.180429607629776,1.169570392370224,0.10506149381399155,0.10506149381399155
Pull_out,0.10400019586086273,0.3840002045035362,-0.1652262955904007,0.10488002002239227,0.1652262955904007,1.1847737044095994,0.10488002002239227,0.10488002002239227
Pull_out,0.10500024259090424,0.38500025123357773,-0.15031307935714722,0.11024988442659378,0.15031307935714722,1.1996869206428529,0.11024988442659378,0.11024988442659378
Pull_out,0.10600011050701141,0.3860001191496849,-0.13566283881664276,0.1144648864865303,0.13566283881664276,1.2143371611833573,0.1144648864865303,0.1144648864865303
Pull_out,0.10700008273124695,0.38700009137392044,-0.12123948335647583,0.11449434608221054,0.12123948335647583,1.2287605166435243,0.11449434608221054,0.11449434608221054
Pull_out,0.10800029337406158,0.3880003020167351,-0.10719311237335205,0.11672548204660416,0.10719311237335205,1.242806887626648,0.11672548204660416,0.11672548204660416
Pull_out,0.10900019109249115,0.38900019973516464,-0.09331817924976349,0.12077213823795319,0.09331817924976349,1.2566818207502366,0.12077213823795319,0.12077213823795319
Pull_out,0.11000003665685654,0.39000004529953003,-0.07979142665863037,0.12365694344043732,0.07979142665863037,1.2702085733413697,0.12365694344043732,0.12365694344043732
Pull_out,0.11100015789270401,0.3910001665353775,-0.06648123264312744,0.12596845626831055,0.06648123264312744,1.2835187673568726,0.12596845626831055,0.12596845626831055
Pull_out,0.11200027912855148,0.392000287771225,-0.05359503626823425,0.12844516336917877,0.05359503626823425,1.2964049637317658,0.12844516336917877,0.12844516336917877
Pull_out,0.11300016939640045,0.39300017803907394,-0.04085354506969452,0.131646528840065,0.04085354506969452,1.3091464549303056,0.131646528840065,0.131646528840065
Pull_out,0.11400023847818375,0.39400024712085724,-0.02854740619659424,0.13363997638225555,0.02854740619659424,1.3214525938034059,0.13363997638225555,0.13363997638225555
Pull_out,0.11500028520822525,0.39500029385089874,-0.016465410590171814,0.13541099429130554,0.016465410590171814,1.3335345894098283,0.13541099429130554,0.13541099429130554
Pull_out,0.11600014567375183,0.3960001543164253,-0.0047597140073776245,0.1388101726770401,0.0047597140073776245,1.3452402859926225,0.1388101726770401,0.1388101726770401
Pull_out,0.11700009554624557,0.39700010418891907,0.006566882133483887,0.14180141687393188,0.0,1.356566882133484,0.14180141687393188,0.14180141687393188
Pull_out,0.11800020933151245,0.39800021797418594,0.017710387706756592,0.1428738385438919,0.0,1.3677103877067567,0.1428738385438919,0.1428738385438919
Pull_out,0.11900025606155396,0.39900026470422745,0.028468340635299683,0.14510975778102875,0.0,1.3784683406352998,0.14510975778102875,0.14510975778102875
Pull_out,0.12000012397766113,0.4000001326203346,0.03879186511039734,0.14808662235736847,0.0,1.3887918651103974,0.14808662235736847,0.14808662235736847
Pull_out,0.1210002675652504,0.4010002762079239,0.048873722553253174,0.14997626841068268,0.0,1.3988737225532533,0.14997626841068268,0.14997626841068268
Pull_out,0.12200012803077698,0.40200013667345047,0.05860206484794617,0.15146705508232117,0.0,1.4086020648479463,0.15146705508232117,0.15146705508232117
Pull_out,0.12300027906894684,0.40300028771162033,0.0679086297750473,0.1541101187467575,0.0,1.4179086297750474,0.1541101187467575,0.1541101187467575
Pull_out,0.12400010973215103,0.4040001183748245,0.07691207528114319,0.15603409707546234,0.0,1.4269120752811433,0.15603409707546234,0.15603409707546234
Pull_out,0.12500010430812836,0.40500011295080185,0.08561767637729645,0.15743544697761536,0.0,1.4356176763772965,0.15743544697761536,0.15743544697761536
Pull_out,0.12600009143352509,0.4060001000761986,0.09391158819198608,0.15986059606075287,0.0,1.4439115881919862,0.15986059606075287,0.15986059606075287
Pull_out,0.12700007855892181,0.4070000872015953,0.10179957747459412,0.16158515214920044,0.0,1.4517995774745942,0.16158515214920044,0.16158515214920044
Pull_out,0.12800006568431854,0.40800007432699203,0.10929539799690247,0.16251195967197418,0.0,1.4592953979969026,0.16251195967197418,0.16251195967197418
Pull_out,0.12900005280971527,0.40900006145238876,0.11640547960996628,0.16461363434791565,0.0,1.4664054796099664,0.16461363434791565,0.16461363434791565
Pull_out,0.13000012934207916,0.41000013798475266,0.12343017756938934,0.16659480333328247,0.0,1.4734301775693894,0.16659480333328247,0.16659480333328247
Pull_out,0.13100005686283112,0.4110000655055046,0.13013631105422974,0.16715997457504272,0.0,1.4801363110542298,0.16715997457504272,0.16715997457504272
Pull_out,0.13200025260448456,0.41200026124715805,0.13646158576011658,0.16917306184768677,0.0,1.4864615857601167,0.16917306184768677,0.16917306184768677
Pull_out,0.1330001801252365,0.41300018876791,0.14240482449531555,0.17066611349582672,0.0,1.4924048244953156,0.17066611349582672,0.17066611349582672
Pull_out,0.13400010764598846,0.41400011628866196,0.14798232913017273,0.17101037502288818,0.0,1.4979823291301728,0.17101037502288818,0.17101037502288818
Pull_out,0.13500003516674042,0.4150000438094139,0.15319661796092987,0.17288950085639954,0.0,1.50319661796093,0.17288950085639954,0.17288950085639954
Pull_out,0.13600023090839386,0.41600023955106735,0.1580558717250824,0.17417162656784058,0.0,1.5080558717250825,0.17417162656784058,0.17417162656784058
Pull_out,0.1370001584291458,0.4170001670718193,0.16257286071777344,0.17426247894763947,0.0,1.5125728607177735,0.17426247894763947,0.17426247894763947
Pull_out,0.13800008594989777,0.41800009459257126,0.16675640642642975,0.17570838332176208,0.0,1.5167564064264298,0.17570838332176208,0.17570838332176208
Pull_out,0.13900001347064972,0.4190000221133232,0.17061564326286316,0.17696091532707214,0.0,1.5206156432628632,0.17696091532707214,0.17696091532707214
Pull_out,0.14000020921230316,0.42000021785497665,0.17416301369667053,0.17686952650547028,0.0,1.5241630136966706,0.17686952650547028,0.17686952650547028
Pull_out,0.14100013673305511,0.4210001453757286,0.17740845680236816,0.17772193253040314,0.0,1.5274084568023683,0.17772193253040314,0.17772193253040314
Pull_out,0.1420000046491623,0.4220000132918358,0.18049085140228271,0.17903922498226166,0.0,1.5304908514022828,0.17903922498226166,0.17903922498226166
Pull_out,0.14300011098384857,0.42300011962652206,0.1833202838897705,0.17868541181087494,0.0,1.5333202838897706,0.17868541181087494,0.17868541181087494
Pull_out,0.14400021731853485,0.42400022596120834,0.18586429953575134,0.17979030311107635,0.0,1.5358642995357514,0.17979030311107635,0.17979030311107635
Pull_out,0.14500007033348083,0.4250000789761543,0.1881331503391266,0.1802755892276764,0.0,1.5381331503391267,0.1802755892276764,0.1802755892276764
Pull_out,0.14600017666816711,0.4260001853108406,0.1901436448097229,0.17998787760734558,0.0,1.540143644809723,0.17998787760734558,0.17998787760734558
Pull_out,0.1470000296831131,0.4270000383257866,0.19190675020217896,0.18111121654510498,0.0,1.541906750202179,0.18111121654510498,0.18111121654510498
Pull_out,0.14800013601779938,0.42800014466047287,0.19343632459640503,0.18084916472434998,0.0,1.5434363245964051,0.18084916472434998,0.18084916472434998
Pull_out,0.14900024235248566,0.42900025099515915,0.19474713504314423,0.18093132972717285,0.0,1.5447471350431443,0.18093132972717285,0.18093132972717285
Pull_out,0.15000009536743164,0.43000010401010513,0.1958526223897934,0.18173660337924957,0.0,1.5458526223897935,0.18173660337924957,0.18173660337924957
Pull_out,0.15100020170211792,0.4310002103447914,0.19676892459392548,0.1810789406299591,0.0,1.5467689245939256,0.1810789406299591,0.1810789406299591
Pull_out,0.1520000547170639,0.4320000633597374,0.19751159846782684,0.1815072000026703,0.0,1.547511598467827,0.1815072000026703,0.1815072000026703
Pull_out,0.15300016105175018,0.4330001696944237,0.1980970799922943,0.1817590445280075,0.0,1.5480970799922944,0.1817590445280075,0.1817590445280075
Pull_out,0.15400001406669617,0.43400002270936966,0.1985425055027008,0.1810692846775055,0.0,1.548542505502701,0.1810692846775055,0.1810692846775055
Pull_out,0.15500012040138245,0.43500012904405594,0.19886580109596252,0.18166153132915497,0.0,1.5488658010959626,0.18166153132915497,0.18166153132915497
Pull_out,0.15600022673606873,0.4360002353787422,0.1990850418806076,0.18138988316059113,0.0,1.5490850418806077,0.18138988316059113,0.18138988316059113
Pull_out,0.1570000797510147,0.4370000883936882,0.19921976327896118,0.18092425167560577,0.0,1.5492197632789613,0.18092425167560577,0.18092425167560577
Pull_out,0.158000186085701,0.4380001947283745,0.19928964972496033,0.18145348131656647,0.0,1.5492896497249604,0.18145348131656647,0.18145348131656647
Pull_out,0.15900003910064697,0.43900004774332047,0.1993158608675003,0.1809002310037613,0.0,1.5493158608675004,0.1809002310037613,0.1809002310037613
Pull_out,0.1599999964237213,0.4400000050663948,0.19931869208812714,0.18068602681159973,0.0,1.5493186920881272,0.18068602681159973,0.18068602681159973
